alpha,AAE,ARE,RR,PR,F1,
5e-06,209.811,0.199244,0.366378,0.98449,0.53402,
1e-05,313.211,0.189199,0.419388,0.995875,0.59022,
1.5e-05,406.919,0.182906,0.460688,1,0.630782,
2e-05,507.388,0.182769,0.497148,0.998092,0.663706,
2.5e-05,612.918,0.18353,0.552553,1,0.711799,
