alpha,AAE,ARE,RR,PR,F1,
5e-06,203.187,0.200961,0.378932,0.962963,0.543854,
1e-05,297.439,0.185629,0.444753,0.993018,0.614351,
1.5e-05,397.883,0.180574,0.47113,0.998698,0.640234,
2e-05,494.261,0.178775,0.506654,1,0.672555,
2.5e-05,611.078,0.183366,0.557057,1,0.715526,
